<?xml version="1.0" encoding="UTF-8"?>
<project>
  <core name="" type="" target="">
    <kernel name="AES_Full_axis8" language="c" vlnv="UVA_HPLP:HLS:AES_Full_axis8:1.0" attributes="" hash="" preferredWorkGroupSizeMultiple="0" workGroupSize="1" debug="false" interrupt="true">
      <port name="S_AXI_AES" mode="slave" range="0x1000" dataWidth="8" portType="addressable" base="0x00000000"/>
      <arg name="cipher_or_i_cipher" addressQualifier="0" id="0" port="S_AXI_AES" size="0x4" offset="0x10" hostOffset="0x0" hostSize="0x4" type="bool"/>
      <arg name="Nr" addressQualifier="0" id="1" port="S_AXI_AES" size="0x4" offset="0x18" hostOffset="0x0" hostSize="0x4" type="unsigned char"/>
      <compileWorkGroupSize x="1" y="1" z="1"/>
    </kernel>
  </core>
</project>
