<?xml version="1.0" encoding="utf-8"?>
<xd:acceleratorMap xmlns:xd="http://www.xilinx.com/xidane" xd:functionName="AES_Full_axis8" xd:componentRef="AES_Full_axis8" xd:initiationInterval="16" xd:clockPeriod="10.000" xd:sequential="true" xd:hostMachine="64" xd:reset="control">
  <xd:controlReg xd:name="control" xd:interfaceRef="s_axi_AES" xd:busTypeRef="axilite" xd:type="generic_axi_lite" xd:offset="0x0"/>
  <xd:arg xd:name="cipher_or_i_cipher" xd:originalName="cipher_or_i_cipher" xd:direction="in" xd:interfaceRef="s_axi_AES" xd:busTypeRef="axilite" xd:offset="0x10" xd:handshakeRef="ap_none" xd:dataWidth="1"/>
  <xd:arg xd:name="Nr" xd:originalName="Nr" xd:direction="in" xd:interfaceRef="s_axi_AES" xd:busTypeRef="axilite" xd:offset="0x18" xd:handshakeRef="ap_none" xd:dataWidth="8"/>
  <xd:arg xd:name="stream_in[].text_byte" xd:originalName="stream_in" xd:direction="in" xd:interfaceRef="stream_in" xd:busTypeRef="axis" xd:arraySize="16" xd:dataWidth="8"/>
  <xd:arg xd:name="stream_in[].TLAST" xd:originalName="stream_in" xd:direction="in" xd:interfaceRef="stream_in" xd:busTypeRef="axis" xd:arraySize="16" xd:dataWidth="1"/>
  <xd:arg xd:name="stream_out[].text_byte" xd:originalName="stream_out" xd:direction="out" xd:interfaceRef="stream_out" xd:busTypeRef="axis" xd:arraySize="16" xd:dataWidth="8"/>
  <xd:arg xd:name="stream_out[].TLAST" xd:originalName="stream_out" xd:direction="out" xd:interfaceRef="stream_out" xd:busTypeRef="axis" xd:arraySize="16" xd:dataWidth="1"/>
  <xd:latencyEstimates xd:best-case="95" xd:worst-case="95" xd:average-case="95"/>
  <xd:resourceEstimates xd:LUT="7807" xd:FF="4243" xd:BRAM="80" xd:DSP="0"/>
</xd:acceleratorMap>
