<?xml version="1.0" encoding="UTF-8"?>
<GenRun Id="synth_1" LaunchPart="xc7z020clg400-1" LaunchTime="1556543648">
  <File Type="PA-TCL" Name="PZ1Cipher_wrapper.tcl"/>
  <File Type="REPORTS-TCL" Name="PZ1Cipher_wrapper_reports.tcl"/>
  <File Type="RDS-RDS" Name="PZ1Cipher_wrapper.vds"/>
  <File Type="RDS-UTIL" Name="PZ1Cipher_wrapper_utilization_synth.rpt"/>
  <File Type="RDS-UTIL-PB" Name="PZ1Cipher_wrapper_utilization_synth.pb"/>
  <File Type="RDS-DCP" Name="PZ1Cipher_wrapper.dcp"/>
  <FileSet Name="sources" Type="DesignSrcs" RelSrcDir="$PSRCDIR/sources_1">
    <Filter Type="Srcs"/>
    <File Path="$PSRCDIR/sources_1/bd/PZ1Cipher/PZ1Cipher.bd">
      <FileInfo>
        <Attr Name="UsedIn" Val="synthesis"/>
        <Attr Name="UsedIn" Val="implementation"/>
        <Attr Name="UsedIn" Val="simulation"/>
      </FileInfo>
    </File>
    <File Path="$PSRCDIR/sources_1/bd/PZ1Cipher/hdl/PZ1Cipher_wrapper.v">
      <FileInfo>
        <Attr Name="UsedIn" Val="synthesis"/>
        <Attr Name="UsedIn" Val="implementation"/>
        <Attr Name="UsedIn" Val="simulation"/>
      </FileInfo>
    </File>
    <Config>
      <Option Name="DesignMode" Val="RTL"/>
      <Option Name="TopModule" Val="PZ1Cipher_wrapper"/>
      <Option Name="TopAutoSet" Val="TRUE"/>
    </Config>
  </FileSet>
  <FileSet Name="constrs_in" Type="Constrs" RelSrcDir="$PSRCDIR/constrs_1">
    <Filter Type="Constrs"/>
    <Config>
      <Option Name="ConstrsType" Val="XDC"/>
    </Config>
  </FileSet>
  <FileSet Name="utils" Type="Utils" RelSrcDir="$PSRCDIR/utils_1">
    <Filter Type="Utils"/>
    <Config>
      <Option Name="TopAutoSet" Val="TRUE"/>
    </Config>
  </FileSet>
  <Strategy Version="1" Minor="2">
    <StratHandle Name="Vivado Synthesis Defaults" Flow="Vivado Synthesis 2018"/>
    <Step Id="synth_design"/>
  </Strategy>
  <BlockFileSet Type="BlockSrcs" Name="PZ1Cipher_AES_Cipher_axis128_0_0"/>
  <BlockFileSet Type="BlockSrcs" Name="PZ1Cipher_xbar_0"/>
  <BlockFileSet Type="BlockSrcs" Name="PZ1Cipher_axi_smc_0"/>
  <BlockFileSet Type="BlockSrcs" Name="PZ1Cipher_rst_ps7_0_100M_0"/>
  <BlockFileSet Type="BlockSrcs" Name="PZ1Cipher_axi_dma_0_0"/>
  <BlockFileSet Type="BlockSrcs" Name="PZ1Cipher_processing_system7_0_0"/>
  <BlockFileSet Type="BlockSrcs" Name="PZ1Cipher_auto_pc_0"/>
</GenRun>
