<?xml version="1.0" encoding="UTF-8"?>
<GenRun Id="impl_1" LaunchPart="xc7z020clg400-1" LaunchTime="1556540804">
  <File Type="ROUTE-PWR" Name="PZAES_wrapper_power_routed.rpt"/>
  <File Type="PA-TCL" Name="PZAES_wrapper.tcl"/>
  <File Type="BITSTR-BMM" Name="PZAES_wrapper_bd.bmm"/>
  <File Type="ROUTE-PWR-SUM" Name="PZAES_wrapper_power_summary_routed.pb"/>
  <File Type="REPORTS-TCL" Name="PZAES_wrapper_reports.tcl"/>
  <File Type="OPT-DCP" Name="PZAES_wrapper_opt.dcp"/>
  <File Type="OPT-DRC" Name="PZAES_wrapper_drc_opted.rpt"/>
  <File Type="OPT-HWDEF" Name="PZAES_wrapper.hwdef"/>
  <File Type="PWROPT-DCP" Name="PZAES_wrapper_pwropt.dcp"/>
  <File Type="PLACE-DCP" Name="PZAES_wrapper_placed.dcp"/>
  <File Type="PLACE-IO" Name="PZAES_wrapper_io_placed.rpt"/>
  <File Type="PLACE-UTIL" Name="PZAES_wrapper_utilization_placed.rpt"/>
  <File Type="PLACE-UTIL-PB" Name="PZAES_wrapper_utilization_placed.pb"/>
  <File Type="PLACE-CTRL" Name="PZAES_wrapper_control_sets_placed.rpt"/>
  <File Type="PLACE-PRE-SIMILARITY" Name="PZAES_wrapper_incremental_reuse_pre_placed.rpt"/>
  <File Type="BG-BGN" Name="PZAES_wrapper.bgn"/>
  <File Type="POSTPLACE-PWROPT-DCP" Name="PZAES_wrapper_postplace_pwropt.dcp"/>
  <File Type="BG-BIN" Name="PZAES_wrapper.bin"/>
  <File Type="PHYSOPT-DCP" Name="PZAES_wrapper_physopt.dcp"/>
  <File Type="BITSTR-MSK" Name="PZAES_wrapper.msk"/>
  <File Type="ROUTE-ERROR-DCP" Name="PZAES_wrapper_routed_error.dcp"/>
  <File Type="ROUTE-DCP" Name="PZAES_wrapper_routed.dcp"/>
  <File Type="ROUTE-BLACKBOX-DCP" Name="PZAES_wrapper_routed_bb.dcp"/>
  <File Type="ROUTE-DRC" Name="PZAES_wrapper_drc_routed.rpt"/>
  <File Type="ROUTE-DRC-PB" Name="PZAES_wrapper_drc_routed.pb"/>
  <File Type="ROUTE-DRC-RPX" Name="PZAES_wrapper_drc_routed.rpx"/>
  <File Type="BITSTR-LTX" Name="PZAES_wrapper.ltx"/>
  <File Type="ROUTE-METHODOLOGY-DRC" Name="PZAES_wrapper_methodology_drc_routed.rpt"/>
  <File Type="BITSTR-MMI" Name="PZAES_wrapper.mmi"/>
  <File Type="ROUTE-METHODOLOGY-DRC-RPX" Name="PZAES_wrapper_methodology_drc_routed.rpx"/>
  <File Type="ROUTE-METHODOLOGY-DRC-PB" Name="PZAES_wrapper_methodology_drc_routed.pb"/>
  <File Type="BITSTR-SYSDEF" Name="PZAES_wrapper.sysdef"/>
  <File Type="ROUTE-PWR-RPX" Name="PZAES_wrapper_power_routed.rpx"/>
  <File Type="ROUTE-STATUS" Name="PZAES_wrapper_route_status.rpt"/>
  <File Type="ROUTE-STATUS-PB" Name="PZAES_wrapper_route_status.pb"/>
  <File Type="ROUTE-TIMINGSUMMARY" Name="PZAES_wrapper_timing_summary_routed.rpt"/>
  <File Type="ROUTE-TIMING-PB" Name="PZAES_wrapper_timing_summary_routed.pb"/>
  <File Type="ROUTE-TIMING-RPX" Name="PZAES_wrapper_timing_summary_routed.rpx"/>
  <File Type="ROUTE-CLK" Name="PZAES_wrapper_clock_utilization_routed.rpt"/>
  <File Type="ROUTE-BUS-SKEW" Name="PZAES_wrapper_bus_skew_routed.rpt"/>
  <File Type="ROUTE-BUS-SKEW-PB" Name="PZAES_wrapper_bus_skew_routed.pb"/>
  <File Type="ROUTE-BUS-SKEW-RPX" Name="PZAES_wrapper_bus_skew_routed.rpx"/>
  <File Type="POSTROUTE-PHYSOPT-DCP" Name="PZAES_wrapper_postroute_physopt.dcp"/>
  <File Type="POSTROUTE-PHYSOPT-BLACKBOX-DCP" Name="PZAES_wrapper_postroute_physopt_bb.dcp"/>
  <File Type="BG-BIT" Name="PZAES_wrapper.bit"/>
  <File Type="BITSTR-RBT" Name="PZAES_wrapper.rbt"/>
  <File Type="BITSTR-NKY" Name="PZAES_wrapper.nky"/>
  <File Type="BG-DRC" Name="PZAES_wrapper.drc"/>
  <File Type="RDI-RDI" Name="PZAES_wrapper.vdi"/>
  <File Type="WBT-USG" Name="usage_statistics_webtalk.html"/>
  <FileSet Name="sources" Type="DesignSrcs" RelSrcDir="$PSRCDIR/sources_1">
    <Filter Type="Srcs"/>
    <File Path="$PSRCDIR/sources_1/bd/PZAES/PZAES.bd">
      <FileInfo>
        <Attr Name="UsedIn" Val="synthesis"/>
        <Attr Name="UsedIn" Val="implementation"/>
        <Attr Name="UsedIn" Val="simulation"/>
      </FileInfo>
    </File>
    <File Path="$PSRCDIR/sources_1/bd/PZAES/hdl/PZAES_wrapper.v">
      <FileInfo>
        <Attr Name="UsedIn" Val="synthesis"/>
        <Attr Name="UsedIn" Val="implementation"/>
        <Attr Name="UsedIn" Val="simulation"/>
      </FileInfo>
    </File>
    <Config>
      <Option Name="DesignMode" Val="RTL"/>
      <Option Name="TopModule" Val="PZAES_wrapper"/>
      <Option Name="TopAutoSet" Val="TRUE"/>
    </Config>
  </FileSet>
  <FileSet Name="constrs_in" Type="Constrs" RelSrcDir="$PSRCDIR/constrs_1">
    <Filter Type="Constrs"/>
    <Config>
      <Option Name="ConstrsType" Val="XDC"/>
    </Config>
  </FileSet>
  <FileSet Name="utils" Type="Utils" RelSrcDir="$PSRCDIR/utils_1">
    <Filter Type="Utils"/>
    <Config>
      <Option Name="TopAutoSet" Val="TRUE"/>
    </Config>
  </FileSet>
  <Strategy Version="1" Minor="2">
    <StratHandle Name="Vivado Implementation Defaults" Flow="Vivado Implementation 2018"/>
    <Step Id="init_design"/>
    <Step Id="opt_design"/>
    <Step Id="power_opt_design"/>
    <Step Id="place_design"/>
    <Step Id="post_place_power_opt_design"/>
    <Step Id="phys_opt_design"/>
    <Step Id="route_design"/>
    <Step Id="post_route_phys_opt_design"/>
    <Step Id="write_bitstream"/>
  </Strategy>
  <BlockFileSet Type="BlockSrcs" Name="PZAES_processing_system7_0_0"/>
  <BlockFileSet Type="BlockSrcs" Name="PZAES_axi_smc_0"/>
  <BlockFileSet Type="BlockSrcs" Name="PZAES_axi_dma_0_0"/>
  <BlockFileSet Type="BlockSrcs" Name="PZAES_rst_ps7_0_100M_0"/>
  <BlockFileSet Type="BlockSrcs" Name="PZAES_xbar_0"/>
  <BlockFileSet Type="BlockSrcs" Name="PZAES_AES_Full_0_1"/>
</GenRun>
