<?xml version="1.0"?>
<Runs Version="1" Minor="0">
	<Run Id="PZAES_processing_system7_0_0_synth_1" LaunchDir="C:/Users/sergi/FCCMDemo/PynqZ1AESLite/PynqZ1AESLite.runs/PZAES_processing_system7_0_0_synth_1" FlowId="Vivado_Synthesis" FromStepId="vivado" ToStepId="vivado"/>
	<Run Id="PZAES_axi_smc_0_synth_1" LaunchDir="C:/Users/sergi/FCCMDemo/PynqZ1AESLite/PynqZ1AESLite.runs/PZAES_axi_smc_0_synth_1" FlowId="Vivado_Synthesis" FromStepId="vivado" ToStepId="vivado"/>
	<Run Id="PZAES_rst_ps7_0_100M_0_synth_1" LaunchDir="C:/Users/sergi/FCCMDemo/PynqZ1AESLite/PynqZ1AESLite.runs/PZAES_rst_ps7_0_100M_0_synth_1" FlowId="Vivado_Synthesis" FromStepId="vivado" ToStepId="vivado"/>
	<Run Id="PZAES_xbar_0_synth_1" LaunchDir="C:/Users/sergi/FCCMDemo/PynqZ1AESLite/PynqZ1AESLite.runs/PZAES_xbar_0_synth_1" FlowId="Vivado_Synthesis" FromStepId="vivado" ToStepId="vivado"/>
	<Run Id="PZAES_axi_dma_0_0_synth_1" LaunchDir="C:/Users/sergi/FCCMDemo/PynqZ1AESLite/PynqZ1AESLite.runs/PZAES_axi_dma_0_0_synth_1" FlowId="Vivado_Synthesis" FromStepId="vivado" ToStepId="vivado"/>
	<Run Id="PZAES_AES_Full_axis8_0_0_synth_1" LaunchDir="C:/Users/sergi/FCCMDemo/PynqZ1AESLite/PynqZ1AESLite.runs/PZAES_AES_Full_axis8_0_0_synth_1" FlowId="Vivado_Synthesis" FromStepId="vivado" ToStepId="vivado"/>
	<Run Id="PZAES_auto_pc_0_synth_1" LaunchDir="C:/Users/sergi/FCCMDemo/PynqZ1AESLite/PynqZ1AESLite.runs/PZAES_auto_pc_0_synth_1" FlowId="Vivado_Synthesis" FromStepId="vivado" ToStepId="vivado"/>
	<Run Id="synth_1" LaunchDir="C:/Users/sergi/FCCMDemo/PynqZ1AESLite/PynqZ1AESLite.runs/synth_1" FlowId="Vivado_Synthesis" FromStepId="vivado" ToStepId="vivado">
		<Parent Id="PZAES_processing_system7_0_0_synth_1"/>
		<Parent Id="PZAES_axi_smc_0_synth_1"/>
		<Parent Id="PZAES_rst_ps7_0_100M_0_synth_1"/>
		<Parent Id="PZAES_xbar_0_synth_1"/>
		<Parent Id="PZAES_axi_dma_0_0_synth_1"/>
		<Parent Id="PZAES_AES_Full_axis8_0_0_synth_1"/>
		<Parent Id="PZAES_auto_pc_0_synth_1"/>
	</Run>
	<Run Id="impl_1" LaunchDir="C:/Users/sergi/FCCMDemo/PynqZ1AESLite/PynqZ1AESLite.runs/impl_1" FlowId="Vivado_Implementation" FromStepId="init_design" ToStepId="write_bitstream">
		<Parent Id="synth_1"/>
		<Parent Id="PZAES_processing_system7_0_0_synth_1"/>
		<Parent Id="PZAES_axi_smc_0_synth_1"/>
		<Parent Id="PZAES_rst_ps7_0_100M_0_synth_1"/>
		<Parent Id="PZAES_xbar_0_synth_1"/>
		<Parent Id="PZAES_axi_dma_0_0_synth_1"/>
		<Parent Id="PZAES_AES_Full_axis8_0_0_synth_1"/>
		<Parent Id="PZAES_auto_pc_0_synth_1"/>
	</Run>
	<Parameters>
		<Parameter Name="runs.monitorLSFJobs" Val="true" Type="bool"/>
	</Parameters>
</Runs>

