<?xml version="1.0"?>
<Runs Version="1" Minor="0">
	<Run Id="PZAES_xbar_0_synth_1" LaunchDir="C:/Users/sergi/FCCMDemo/PynqZ1AESLite/PynqZ1AESLite.runs/PZAES_xbar_0_synth_1" FlowId="Vivado_Synthesis" FromStepId="vivado" ToStepId="vivado"/>
	<Run Id="PZAES_AES_Full_0_1_synth_1" LaunchDir="C:/Users/sergi/FCCMDemo/PynqZ1AESLite/PynqZ1AESLite.runs/PZAES_AES_Full_0_1_synth_1" FlowId="Vivado_Synthesis" FromStepId="vivado" ToStepId="vivado"/>
	<Run Id="synth_1" LaunchDir="C:/Users/sergi/FCCMDemo/PynqZ1AESLite/PynqZ1AESLite.runs/synth_1" FlowId="Vivado_Synthesis" FromStepId="vivado" ToStepId="vivado">
		<Parent Id="PZAES_xbar_0_synth_1"/>
		<Parent Id="PZAES_AES_Full_0_1_synth_1"/>
	</Run>
	<Parameters>
		<Parameter Name="runs.monitorLSFJobs" Val="true" Type="bool"/>
	</Parameters>
</Runs>

