<?xml version="1.0" encoding="utf-8"?>
<xd:acceleratorMap xmlns:xd="http://www.xilinx.com/xidane" xd:functionName="AES_Cipher_axis128" xd:componentRef="AES_Cipher_axis128" xd:initiationInterval="259" xd:clockPeriod="10.000" xd:sequential="true" xd:hostMachine="64" xd:reset="control">
  <xd:controlReg xd:name="control" xd:interfaceRef="s_axi_AES" xd:busTypeRef="axilite" xd:type="generic_axi_lite" xd:offset="0x0"/>
  <xd:arg xd:name="aes_in[].data[0]" xd:originalName="aes_in" xd:direction="in" xd:interfaceRef="aes_in" xd:busTypeRef="axis" xd:dataPack="true" xd:bitMapping="7:0" xd:arraySize="100" xd:dataWidth="8"/>
  <xd:arg xd:name="aes_in[].data[1]" xd:originalName="aes_in" xd:direction="in" xd:interfaceRef="aes_in" xd:busTypeRef="axis" xd:dataPack="true" xd:bitMapping="15:8" xd:arraySize="100" xd:dataWidth="8"/>
  <xd:arg xd:name="aes_in[].data[2]" xd:originalName="aes_in" xd:direction="in" xd:interfaceRef="aes_in" xd:busTypeRef="axis" xd:dataPack="true" xd:bitMapping="23:16" xd:arraySize="100" xd:dataWidth="8"/>
  <xd:arg xd:name="aes_in[].data[3]" xd:originalName="aes_in" xd:direction="in" xd:interfaceRef="aes_in" xd:busTypeRef="axis" xd:dataPack="true" xd:bitMapping="31:24" xd:arraySize="100" xd:dataWidth="8"/>
  <xd:arg xd:name="aes_in[].data[4]" xd:originalName="aes_in" xd:direction="in" xd:interfaceRef="aes_in" xd:busTypeRef="axis" xd:dataPack="true" xd:bitMapping="39:32" xd:arraySize="100" xd:dataWidth="8"/>
  <xd:arg xd:name="aes_in[].data[5]" xd:originalName="aes_in" xd:direction="in" xd:interfaceRef="aes_in" xd:busTypeRef="axis" xd:dataPack="true" xd:bitMapping="47:40" xd:arraySize="100" xd:dataWidth="8"/>
  <xd:arg xd:name="aes_in[].data[6]" xd:originalName="aes_in" xd:direction="in" xd:interfaceRef="aes_in" xd:busTypeRef="axis" xd:dataPack="true" xd:bitMapping="55:48" xd:arraySize="100" xd:dataWidth="8"/>
  <xd:arg xd:name="aes_in[].data[7]" xd:originalName="aes_in" xd:direction="in" xd:interfaceRef="aes_in" xd:busTypeRef="axis" xd:dataPack="true" xd:bitMapping="63:56" xd:arraySize="100" xd:dataWidth="8"/>
  <xd:arg xd:name="aes_in[].data[8]" xd:originalName="aes_in" xd:direction="in" xd:interfaceRef="aes_in" xd:busTypeRef="axis" xd:dataPack="true" xd:bitMapping="71:64" xd:arraySize="100" xd:dataWidth="8"/>
  <xd:arg xd:name="aes_in[].data[9]" xd:originalName="aes_in" xd:direction="in" xd:interfaceRef="aes_in" xd:busTypeRef="axis" xd:dataPack="true" xd:bitMapping="79:72" xd:arraySize="100" xd:dataWidth="8"/>
  <xd:arg xd:name="aes_in[].data[10]" xd:originalName="aes_in" xd:direction="in" xd:interfaceRef="aes_in" xd:busTypeRef="axis" xd:dataPack="true" xd:bitMapping="87:80" xd:arraySize="100" xd:dataWidth="8"/>
  <xd:arg xd:name="aes_in[].data[11]" xd:originalName="aes_in" xd:direction="in" xd:interfaceRef="aes_in" xd:busTypeRef="axis" xd:dataPack="true" xd:bitMapping="95:88" xd:arraySize="100" xd:dataWidth="8"/>
  <xd:arg xd:name="aes_in[].data[12]" xd:originalName="aes_in" xd:direction="in" xd:interfaceRef="aes_in" xd:busTypeRef="axis" xd:dataPack="true" xd:bitMapping="103:96" xd:arraySize="100" xd:dataWidth="8"/>
  <xd:arg xd:name="aes_in[].data[13]" xd:originalName="aes_in" xd:direction="in" xd:interfaceRef="aes_in" xd:busTypeRef="axis" xd:dataPack="true" xd:bitMapping="111:104" xd:arraySize="100" xd:dataWidth="8"/>
  <xd:arg xd:name="aes_in[].data[14]" xd:originalName="aes_in" xd:direction="in" xd:interfaceRef="aes_in" xd:busTypeRef="axis" xd:dataPack="true" xd:bitMapping="119:112" xd:arraySize="100" xd:dataWidth="8"/>
  <xd:arg xd:name="aes_in[].data[15]" xd:originalName="aes_in" xd:direction="in" xd:interfaceRef="aes_in" xd:busTypeRef="axis" xd:dataPack="true" xd:bitMapping="127:120" xd:arraySize="100" xd:dataWidth="8"/>
  <xd:arg xd:name="aes_in[].TLAST" xd:originalName="aes_in" xd:direction="in" xd:interfaceRef="aes_in" xd:busTypeRef="axis" xd:arraySize="100" xd:dataWidth="1"/>
  <xd:arg xd:name="aes_out[].data[0]" xd:originalName="aes_out" xd:direction="out" xd:interfaceRef="aes_out" xd:busTypeRef="axis" xd:dataPack="true" xd:bitMapping="7:0" xd:arraySize="100" xd:dataWidth="8"/>
  <xd:arg xd:name="aes_out[].data[1]" xd:originalName="aes_out" xd:direction="out" xd:interfaceRef="aes_out" xd:busTypeRef="axis" xd:dataPack="true" xd:bitMapping="15:8" xd:arraySize="100" xd:dataWidth="8"/>
  <xd:arg xd:name="aes_out[].data[2]" xd:originalName="aes_out" xd:direction="out" xd:interfaceRef="aes_out" xd:busTypeRef="axis" xd:dataPack="true" xd:bitMapping="23:16" xd:arraySize="100" xd:dataWidth="8"/>
  <xd:arg xd:name="aes_out[].data[3]" xd:originalName="aes_out" xd:direction="out" xd:interfaceRef="aes_out" xd:busTypeRef="axis" xd:dataPack="true" xd:bitMapping="31:24" xd:arraySize="100" xd:dataWidth="8"/>
  <xd:arg xd:name="aes_out[].data[4]" xd:originalName="aes_out" xd:direction="out" xd:interfaceRef="aes_out" xd:busTypeRef="axis" xd:dataPack="true" xd:bitMapping="39:32" xd:arraySize="100" xd:dataWidth="8"/>
  <xd:arg xd:name="aes_out[].data[5]" xd:originalName="aes_out" xd:direction="out" xd:interfaceRef="aes_out" xd:busTypeRef="axis" xd:dataPack="true" xd:bitMapping="47:40" xd:arraySize="100" xd:dataWidth="8"/>
  <xd:arg xd:name="aes_out[].data[6]" xd:originalName="aes_out" xd:direction="out" xd:interfaceRef="aes_out" xd:busTypeRef="axis" xd:dataPack="true" xd:bitMapping="55:48" xd:arraySize="100" xd:dataWidth="8"/>
  <xd:arg xd:name="aes_out[].data[7]" xd:originalName="aes_out" xd:direction="out" xd:interfaceRef="aes_out" xd:busTypeRef="axis" xd:dataPack="true" xd:bitMapping="63:56" xd:arraySize="100" xd:dataWidth="8"/>
  <xd:arg xd:name="aes_out[].data[8]" xd:originalName="aes_out" xd:direction="out" xd:interfaceRef="aes_out" xd:busTypeRef="axis" xd:dataPack="true" xd:bitMapping="71:64" xd:arraySize="100" xd:dataWidth="8"/>
  <xd:arg xd:name="aes_out[].data[9]" xd:originalName="aes_out" xd:direction="out" xd:interfaceRef="aes_out" xd:busTypeRef="axis" xd:dataPack="true" xd:bitMapping="79:72" xd:arraySize="100" xd:dataWidth="8"/>
  <xd:arg xd:name="aes_out[].data[10]" xd:originalName="aes_out" xd:direction="out" xd:interfaceRef="aes_out" xd:busTypeRef="axis" xd:dataPack="true" xd:bitMapping="87:80" xd:arraySize="100" xd:dataWidth="8"/>
  <xd:arg xd:name="aes_out[].data[11]" xd:originalName="aes_out" xd:direction="out" xd:interfaceRef="aes_out" xd:busTypeRef="axis" xd:dataPack="true" xd:bitMapping="95:88" xd:arraySize="100" xd:dataWidth="8"/>
  <xd:arg xd:name="aes_out[].data[12]" xd:originalName="aes_out" xd:direction="out" xd:interfaceRef="aes_out" xd:busTypeRef="axis" xd:dataPack="true" xd:bitMapping="103:96" xd:arraySize="100" xd:dataWidth="8"/>
  <xd:arg xd:name="aes_out[].data[13]" xd:originalName="aes_out" xd:direction="out" xd:interfaceRef="aes_out" xd:busTypeRef="axis" xd:dataPack="true" xd:bitMapping="111:104" xd:arraySize="100" xd:dataWidth="8"/>
  <xd:arg xd:name="aes_out[].data[14]" xd:originalName="aes_out" xd:direction="out" xd:interfaceRef="aes_out" xd:busTypeRef="axis" xd:dataPack="true" xd:bitMapping="119:112" xd:arraySize="100" xd:dataWidth="8"/>
  <xd:arg xd:name="aes_out[].data[15]" xd:originalName="aes_out" xd:direction="out" xd:interfaceRef="aes_out" xd:busTypeRef="axis" xd:dataPack="true" xd:bitMapping="127:120" xd:arraySize="100" xd:dataWidth="8"/>
  <xd:arg xd:name="aes_out[].TLAST" xd:originalName="aes_out" xd:direction="out" xd:interfaceRef="aes_out" xd:busTypeRef="axis" xd:arraySize="100" xd:dataWidth="1"/>
  <xd:latencyEstimates xd:best-case="258" xd:worst-case="258" xd:average-case="258"/>
  <xd:resourceEstimates xd:LUT="10411" xd:FF="3752" xd:BRAM="232" xd:DSP="0"/>
</xd:acceleratorMap>
