<?xml version="1.0"?>
<Runs Version="1" Minor="0">
	<Run Id="PZ1Cipher_AES_Cipher_axis128_0_0_synth_1" LaunchDir="C:/Users/sergi/FCCMDemo/PynqZ1AESCipher256II2/PynqZ1AESCipher256II2.runs/PZ1Cipher_AES_Cipher_axis128_0_0_synth_1" FlowId="Vivado_Synthesis" FromStepId="vivado" ToStepId="vivado"/>
	<Run Id="PZ1Cipher_axi_smc_0_synth_1" LaunchDir="C:/Users/sergi/FCCMDemo/PynqZ1AESCipher256II2/PynqZ1AESCipher256II2.runs/PZ1Cipher_axi_smc_0_synth_1" FlowId="Vivado_Synthesis" FromStepId="vivado" ToStepId="vivado"/>
	<Run Id="PZ1Cipher_processing_system7_0_0_synth_1" LaunchDir="C:/Users/sergi/FCCMDemo/PynqZ1AESCipher256II2/PynqZ1AESCipher256II2.runs/PZ1Cipher_processing_system7_0_0_synth_1" FlowId="Vivado_Synthesis" FromStepId="vivado" ToStepId="vivado"/>
	<Run Id="PZ1Cipher_rst_ps7_0_100M_0_synth_1" LaunchDir="C:/Users/sergi/FCCMDemo/PynqZ1AESCipher256II2/PynqZ1AESCipher256II2.runs/PZ1Cipher_rst_ps7_0_100M_0_synth_1" FlowId="Vivado_Synthesis" FromStepId="vivado" ToStepId="vivado"/>
	<Run Id="PZ1Cipher_xbar_0_synth_1" LaunchDir="C:/Users/sergi/FCCMDemo/PynqZ1AESCipher256II2/PynqZ1AESCipher256II2.runs/PZ1Cipher_xbar_0_synth_1" FlowId="Vivado_Synthesis" FromStepId="vivado" ToStepId="vivado"/>
	<Run Id="PZ1Cipher_axi_dma_0_0_synth_1" LaunchDir="C:/Users/sergi/FCCMDemo/PynqZ1AESCipher256II2/PynqZ1AESCipher256II2.runs/PZ1Cipher_axi_dma_0_0_synth_1" FlowId="Vivado_Synthesis" FromStepId="vivado" ToStepId="vivado"/>
	<Run Id="PZ1Cipher_auto_pc_0_synth_1" LaunchDir="C:/Users/sergi/FCCMDemo/PynqZ1AESCipher256II2/PynqZ1AESCipher256II2.runs/PZ1Cipher_auto_pc_0_synth_1" FlowId="Vivado_Synthesis" FromStepId="vivado" ToStepId="vivado"/>
	<Run Id="synth_1" LaunchDir="C:/Users/sergi/FCCMDemo/PynqZ1AESCipher256II2/PynqZ1AESCipher256II2.runs/synth_1" FlowId="Vivado_Synthesis" FromStepId="vivado" ToStepId="vivado">
		<Parent Id="PZ1Cipher_AES_Cipher_axis128_0_0_synth_1"/>
		<Parent Id="PZ1Cipher_axi_smc_0_synth_1"/>
		<Parent Id="PZ1Cipher_processing_system7_0_0_synth_1"/>
		<Parent Id="PZ1Cipher_rst_ps7_0_100M_0_synth_1"/>
		<Parent Id="PZ1Cipher_xbar_0_synth_1"/>
		<Parent Id="PZ1Cipher_axi_dma_0_0_synth_1"/>
		<Parent Id="PZ1Cipher_auto_pc_0_synth_1"/>
	</Run>
	<Run Id="impl_1" LaunchDir="C:/Users/sergi/FCCMDemo/PynqZ1AESCipher256II2/PynqZ1AESCipher256II2.runs/impl_1" FlowId="Vivado_Implementation" FromStepId="init_design" ToStepId="write_bitstream">
		<Parent Id="synth_1"/>
		<Parent Id="PZ1Cipher_AES_Cipher_axis128_0_0_synth_1"/>
		<Parent Id="PZ1Cipher_axi_smc_0_synth_1"/>
		<Parent Id="PZ1Cipher_processing_system7_0_0_synth_1"/>
		<Parent Id="PZ1Cipher_rst_ps7_0_100M_0_synth_1"/>
		<Parent Id="PZ1Cipher_xbar_0_synth_1"/>
		<Parent Id="PZ1Cipher_axi_dma_0_0_synth_1"/>
		<Parent Id="PZ1Cipher_auto_pc_0_synth_1"/>
	</Run>
	<Parameters>
		<Parameter Name="runs.monitorLSFJobs" Val="true" Type="bool"/>
	</Parameters>
</Runs>

