<?xml version="1.0" encoding="UTF-8"?>
<GenRun Id="synth_1" LaunchPart="xc7z020clg400-1" LaunchTime="1556540401">
  <File Type="PA-TCL" Name="PZAES_wrapper.tcl"/>
  <File Type="REPORTS-TCL" Name="PZAES_wrapper_reports.tcl"/>
  <File Type="RDS-RDS" Name="PZAES_wrapper.vds"/>
  <File Type="RDS-UTIL" Name="PZAES_wrapper_utilization_synth.rpt"/>
  <File Type="RDS-UTIL-PB" Name="PZAES_wrapper_utilization_synth.pb"/>
  <File Type="RDS-DCP" Name="PZAES_wrapper.dcp"/>
  <FileSet Name="sources" Type="DesignSrcs" RelSrcDir="$PSRCDIR/sources_1">
    <Filter Type="Srcs"/>
    <File Path="$PSRCDIR/sources_1/bd/PZAES/PZAES.bd">
      <FileInfo>
        <Attr Name="UsedIn" Val="synthesis"/>
        <Attr Name="UsedIn" Val="implementation"/>
        <Attr Name="UsedIn" Val="simulation"/>
      </FileInfo>
    </File>
    <File Path="$PSRCDIR/sources_1/bd/PZAES/hdl/PZAES_wrapper.v">
      <FileInfo>
        <Attr Name="UsedIn" Val="synthesis"/>
        <Attr Name="UsedIn" Val="implementation"/>
        <Attr Name="UsedIn" Val="simulation"/>
      </FileInfo>
    </File>
    <Config>
      <Option Name="DesignMode" Val="RTL"/>
      <Option Name="TopModule" Val="PZAES_wrapper"/>
      <Option Name="TopAutoSet" Val="TRUE"/>
    </Config>
  </FileSet>
  <FileSet Name="constrs_in" Type="Constrs" RelSrcDir="$PSRCDIR/constrs_1">
    <Filter Type="Constrs"/>
    <Config>
      <Option Name="ConstrsType" Val="XDC"/>
    </Config>
  </FileSet>
  <FileSet Name="utils" Type="Utils" RelSrcDir="$PSRCDIR/utils_1">
    <Filter Type="Utils"/>
    <Config>
      <Option Name="TopAutoSet" Val="TRUE"/>
    </Config>
  </FileSet>
  <Strategy Version="1" Minor="2">
    <StratHandle Name="Vivado Synthesis Defaults" Flow="Vivado Synthesis 2018"/>
    <Step Id="synth_design"/>
  </Strategy>
  <BlockFileSet Type="BlockSrcs" Name="PZAES_processing_system7_0_0"/>
  <BlockFileSet Type="BlockSrcs" Name="PZAES_axi_smc_0"/>
  <BlockFileSet Type="BlockSrcs" Name="PZAES_axi_dma_0_0"/>
  <BlockFileSet Type="BlockSrcs" Name="PZAES_rst_ps7_0_100M_0"/>
  <BlockFileSet Type="BlockSrcs" Name="PZAES_xbar_0"/>
  <BlockFileSet Type="BlockSrcs" Name="PZAES_AES_Full_0_1"/>
</GenRun>
